chapter_order,chapter_title,topic_code,topic_title,slo_code,slo_text,cognitive_level
1,Physical Quantities and Measurement,1.1,Physical Quantities,1.1.1,Discuss that all physical quantities consist of a numerical magnitude and a unit,E
1,Physical Quantities and Measurement,1.1,Physical Quantities,1.1.2,Determine appropriate values of physical quantities,A
1,Physical Quantities and Measurement,1.1,Physical Quantities,1.1.3,Identify the SI base quantities and their units,U
1,Physical Quantities and Measurement,1.1,Physical Quantities,1.1.4,Discuss derived units as products or quotients of the SI base units,E
1,Physical Quantities and Measurement,1.1,Physical Quantities,1.1.5,Use SI base units to check the homogeneity of physical equations,A
1,Physical Quantities and Measurement,1.2,Dimensions,1.2.1,Describe the concept of dimensions,U
1,Physical Quantities and Measurement,1.2,Dimensions,1.2.2,Discuss various physical quantities in terms of their dimensions,E
1,Physical Quantities and Measurement,1.2,Dimensions,1.2.3,Show the homogeneity of physical equations by using dimensions,A
1,Physical Quantities and Measurement,1.2,Dimensions,1.2.4,Derive the formula for physical quantities by using dimensions,A
1,Physical Quantities and Measurement,1.3,Precision and Accuracy,1.3.1,Differentiate between precision and accuracy,U
1,Physical Quantities and Measurement,1.3,Precision and Accuracy,1.3.2,Analyse the accuracy and precision of data collected using different measuring instruments,An
1,Physical Quantities and Measurement,1.4,Significant Figures and Uncertainty,1.4.1,Solve word problems related to uncertainty in derived quantity with correct number of significant figures,A
1,Physical Quantities and Measurement,1.4,Significant Figures and Uncertainty,1.4.2,Justify that all measurements contain uncertainty,E
2,Scalars and Vectors,2.1,Introduction to Vectors,2.1.1,Differentiate between scalar and vector quantities,U
2,Scalars and Vectors,2.1,Introduction to Vectors,2.1.2,"Define resultant, negative, unit, null, position, and equal vectors",FA
2,Scalars and Vectors,2.2,Addition of Vectors by Rectangular Component Method,2.2.1,Analyse a vector into its rectangular components,An
2,Scalars and Vectors,2.2,Addition of Vectors by Rectangular Component Method,2.2.2,Explain the sum of vectors using perpendicular components,U
2,Scalars and Vectors,2.2,Addition of Vectors by Rectangular Component Method,2.2.3,Calculate the resultant of two vectors by rectangular component method,A
2,Scalars and Vectors,2.3,Scalar Product of Two Vectors,2.3.1,Define scalar product of two vectors,R
2,Scalars and Vectors,2.3,Scalar Product of Two Vectors,2.3.2,Exemplify scalar product of two vectors in terms of angle between them,U
2,Scalars and Vectors,2.3,Scalar Product of Two Vectors,2.3.3,Describe properties of scalar product of two vectors,U
2,Scalars and Vectors,2.4,Vector Product of Two Vectors,2.4.1,Define vector product of two vectors,R
2,Scalars and Vectors,2.4,Vector Product of Two Vectors,2.4.2,Exemplify vector product of two vectors in terms of angle between them,U
2,Scalars and Vectors,2.4,Vector Product of Two Vectors,2.4.3,Describe properties of vector product of two vectors,U
3,Motion in One Dimension,3.1,Equations of Motion,3.1.1,Derive equations of motion for a body moving with a uniform acceleration in a straight line,A
3,Motion in One Dimension,3.1,Equations of Motion,3.1.2,Solve word problems related to uniformly accelerated motion including free fall using appropriate equations,A
3,Motion in One Dimension,3.2,Law of Conservation of Momentum,3.2.1,Describe law of conservation of linear momentum,U
3,Motion in One Dimension,3.2,Law of Conservation of Momentum,3.2.2,"Exemplify the law of conservation of momentum in: a. karate chops to break a pile of bricks, b. car crashes, c. ball and bat, d. motion under thrust of a rocket in a straight line",U
3,Motion in One Dimension,3.2,Law of Conservation of Momentum,3.2.3,Derive the relation between force and the rate of change of momentum,FA
3,Motion in One Dimension,3.2,Law of Conservation of Momentum,3.2.4,Define elastic and inelastic collision,R
3,Motion in One Dimension,3.2,Law of Conservation of Momentum,3.2.5,Apply law of conservation of momentum to study the special cases of elastic collision between two bodies in one dimension,A
3,Motion in One Dimension,3.2,Law of Conservation of Momentum,3.2.6,Apply law of conservation of momentum in one dimension in solving word problems,A
3,Motion in One Dimension,3.3,Work,3.3.1,Describe work as the dot product of force and displacement,U
3,Motion in One Dimension,3.3,Work,3.3.2,Deduce the work done from the force displacement graphs,E
3,Motion in One Dimension,3.4,Conservative and Non-Conservative Fields,3.4.1,Differentiate between conservative and non-conservative field,U
3,Motion in One Dimension,3.5,Work-Energy Theorem,3.5.1,Deduce the work-energy theorem in non-resistive and resistive medium,E
3,Motion in One Dimension,3.5,Work-Energy Theorem,3.5.2,Solve word problems related to the work-energy theorem,A
4,Motion in Two Dimensions,4.1,Projectile,4.1.1,Explain projectile motion,U
4,Motion in Two Dimensions,4.1,Projectile,4.1.2,"Derive the relation for: a. time of flight, b. maximum height, c. horizontal range of a projectile, d. maximum horizontal range of a projectile",A
4,Motion in Two Dimensions,4.1,Projectile,4.1.3,"Solve word problems related to the given relations (a, b, c and d)",A
4,Motion in Two Dimensions,4.1,Projectile,4.1.4,Predict qualitatively the effect of air resistance on the motion of a projectile,E
4,Motion in Two Dimensions,4.2,Angular Motion,4.2.1,"Describe angular displacement, angular velocity and angular acceleration",U
4,Motion in Two Dimensions,4.2,Angular Motion,4.2.2,"Derive the relationship between linear and angular displacement, velocity and acceleration",A
4,Motion in Two Dimensions,4.2,Angular Motion,4.2.3,Solve word problems related to the rotational motion,A
4,Motion in Two Dimensions,4.3,Centripetal Force and Centripetal Acceleration,4.3.1,Define centripetal force and centripetal acceleration,R
4,Motion in Two Dimensions,4.3,Centripetal Force and Centripetal Acceleration,4.3.2,Derive centripetal acceleration when speed is uniform,A
4,Motion in Two Dimensions,4.3,Centripetal Force and Centripetal Acceleration,4.3.3,Justify that a centrifuge is used to separate materials using centripetal force,E
4,Motion in Two Dimensions,4.3,Centripetal Force and Centripetal Acceleration,4.3.4,Explain that the objects in orbiting satellites appear to be weightless,U
4,Motion in Two Dimensions,4.3,Centripetal Force and Centripetal Acceleration,4.3.5,Describe that artificial gravity is created to counter weightlessness,U
4,Motion in Two Dimensions,4.4,Moment of Inertia,4.4.1,Explain moment of inertia and its SI unit with dimension,U
4,Motion in Two Dimensions,4.4,Moment of Inertia,4.4.2,"Compare the moment of inertia in rod, ring, disc and sphere",U
4,Motion in Two Dimensions,4.4,Moment of Inertia,4.4.3,"Derive relationship between torque, moment of inertia and angular acceleration",A
4,Motion in Two Dimensions,4.4,Moment of Inertia,4.4.4,Solve word problems related to the given relationships,A
4,Motion in Two Dimensions,4.5,Angular Momentum,4.5.1,Explain angular momentum and its SI unit with dimension,U
4,Motion in Two Dimensions,4.5,Angular Momentum,4.5.2,Solve word problems related to angular momentum,A
4,Motion in Two Dimensions,4.5,Angular Momentum,4.5.3,Explain the law of conservation of angular momentum,U
4,Motion in Two Dimensions,4.5,Angular Momentum,4.5.4,"Illustrate the applications of conservation of angular momentum in: a. flywheels to store rotational energy, b. gyroscopes in navigation system, c. ice skaters to adjust their angular velocity",A
5,Deformation in Solids,5.1,Types of Solids,5.1.1,"Distinguish between the structures of crystalline, amorphous and polymeric solids",U
5,Deformation in Solids,5.2,Deformation in Solids,5.2.1,Describe the deformation of solids in one dimension,U
5,Deformation in Solids,5.3,Tensile and Plastic Deformation,5.3.1,"Describe terms elastic deformation, plastic deformation and elastic limit",U
5,Deformation in Solids,5.4,"Stress, Strain and Young Modulus",5.4.1,"Define stress, strain and Young modulus",R
5,Deformation in Solids,5.4,"Stress, Strain and Young Modulus",5.4.2,Interpret force extension graph for a deformed material,E
5,Deformation in Solids,5.4,"Stress, Strain and Young Modulus",5.4.3,Solve word problems related to Young modulus,A
5,Deformation in Solids,5.4,"Stress, Strain and Young Modulus",5.4.4,"Use daily life objects to explain stress, strain and Young modulus",FA
5,Deformation in Solids,5.5,Elastic Potential Energy of Materials,5.5.1,Determine the elastic potential energy of a material by using $E = \frac{1}{2}Fx = \frac{1}{2}kx^2$,A
6,Fluids Dynamics,6.1,Floating Objects,6.1.1,Describe upthrust,U
6,Fluids Dynamics,6.1,Floating Objects,6.1.2,Solve word problems using $Upthrust = \rho g V$,A
6,Fluids Dynamics,6.1,Floating Objects,6.1.3,State the principle of floatation in terms of upthrust,R
6,Fluids Dynamics,6.1,Floating Objects,6.1.4,State Archimedes' principle of floatation,R
6,Fluids Dynamics,6.1,Floating Objects,6.1.5,Justify that ships are engineered to float in the sea,E
6,Fluids Dynamics,6.2,Streamline and Turbulent Flow,6.2.1,"Define the following terms: a. streamline flow (laminar flow), b. turbulent flow, c. incompressible flow",R
6,Fluids Dynamics,6.2,Streamline and Turbulent Flow,6.2.2,State the conditions required for turbulent flow,R
6,Fluids Dynamics,6.3,Equation of Continuity,6.3.1,Derive the equation of continuity,A
6,Fluids Dynamics,6.3,Equation of Continuity,6.3.2,Explain that squeezing one end of a rubber pipe results in increase in flow velocity at the other end,U
6,Fluids Dynamics,6.3,Equation of Continuity,6.3.3,Solve word problems related to the equation of continuity,A
6,Fluids Dynamics,6.4,Bernoulli's Equation,6.4.1,Derive Bernoulli's equation,A
6,Fluids Dynamics,6.4,Bernoulli's Equation,6.4.2,Justify that the difference in pressure can arise from different rates of flow of a fluid,E
6,Fluids Dynamics,6.4,Bernoulli's Equation,6.4.3,"Explain Bernoulli effect in the following cases: a. atomizer, b. swing of ball, c. the lift of golf ball (the magnus effect), d. venturi duct",U
6,Fluids Dynamics,6.5,Viscous Fluids and Fluid Friction,6.5.1,"Define the following terms: a. viscous fluids, b. non-viscous fluids",R
6,Fluids Dynamics,6.5,Viscous Fluids and Fluid Friction,6.5.2,Describe that viscous force in a fluid causes a retarding force on an object moving through it,U
6,Fluids Dynamics,6.5,Viscous Fluids and Fluid Friction,6.5.3,Explain that real fluids are viscous fluids,U
6,Fluids Dynamics,6.5,Viscous Fluids and Fluid Friction,6.5.4,"Describe the following terms: a. fluid friction, b. super fluidity",U
6,Fluids Dynamics,6.5,Viscous Fluids and Fluid Friction,6.5.5,Use different liquids in the surroundings to explain fluid friction and super fluidity,FA
7,Oscillations,7.1,Simple Harmonic Motion (S.H.M.),7.1.1,Define periodic and non-periodic oscillation,R
7,Oscillations,7.1,Simple Harmonic Motion (S.H.M.),7.1.2,Describe Simple Harmonic Motion (S.H.M.),U
7,Oscillations,7.2,Uniform Circular Motion and S.H.M.,7.2.1,"Define the following terms in the context of oscillations: a. displacement, b. amplitude, c. period, d. frequency, e. angular frequency, f. phase difference",R
7,Oscillations,7.2,Uniform Circular Motion and S.H.M.,7.2.2,Relate S.H.M. with uniform circular motion,U
7,Oscillations,7.2,Uniform Circular Motion and S.H.M.,7.2.3,"Derive expression for instantaneous displacement, velocity and acceleration in terms of angular velocity ($\omega$)",A
7,Oscillations,7.2,Uniform Circular Motion and S.H.M.,7.2.4,Solve word problems related to the SLO # 7.2.3,A
7,Oscillations,7.2,Uniform Circular Motion and S.H.M.,7.2.5,"Analyse graphical representations of the variations of displacement, velocity and acceleration with time for simple harmonic motion",An
7,Oscillations,7.3,Mass-Spring System,7.3.1,Explain that the motion of a body under elastic restoring force is S.H.M.,U
7,Oscillations,7.3,Mass-Spring System,7.3.2,Derive an expression for the time period of a mass-spring system,A
7,Oscillations,7.3,Mass-Spring System,7.3.3,Solve word problems using the expression for the time period of a mass-spring system,A
7,Oscillations,7.4,Simple Pendulum,7.4.1,Explain that the motion of a simple pendulum is S.H.M.,U
7,Oscillations,7.4,Simple Pendulum,7.4.2,Derive an expression for the time period of a simple pendulum,A
7,Oscillations,7.4,Simple Pendulum,7.4.3,Solve word problems using the expression for the time period of a simple pendulum,A
7,Oscillations,7.5,Energy Conservation in S.H.M.,7.5.1,Derive an expression to show that energy is conserved in mass-spring system executing S.H.M.,A
7,Oscillations,7.5,Energy Conservation in S.H.M.,7.5.2,Solve word problems related to given expression,A
7,Oscillations,7.5,Energy Conservation in S.H.M.,7.5.3,Analyse the interchange between kinetic and potential energy during simple harmonic motion,An
7,Oscillations,7.6,Free and Forced Oscillation,7.6.1,Exemplify free and forced oscillation,U
7,Oscillations,7.7,Resonance,7.7.1,Define resonance,R
7,Oscillations,7.7,Resonance,7.7.2,Describe applications and consequences of resonance in real life,U
7,Oscillations,7.8,Damped Oscillations,7.8.1,Explain damped oscillation,U
7,Oscillations,7.8,Damped Oscillations,7.8.2,List different applications of damped oscillation,R
7,Oscillations,7.8,Damped Oscillations,7.8.3,"Illustrate displacement-time graphs to show light, critical and heavy damping",A
8,Waves,8.1,Wave Motion,8.1.1,Define progressive waves,R
8,Waves,8.1,Wave Motion,8.1.2,Explain energy transfer through a progressive wave,U
8,Waves,8.1,Wave Motion,8.1.3,Solve word problems using $intensity = power/area$ and $intensity \propto (amplitude)^2$ for a progressive wave,A
8,Waves,8.1,Wave Motion,8.1.4,Solve word problems using $V = f\lambda$,FA
8,Waves,8.2,Transverse and Longitudinal Waves,8.2.1,Differentiate between transverse and longitudinal waves,FA
8,Waves,8.2,Transverse and Longitudinal Waves,8.2.2,Analyse graphical representations of transverse and longitudinal waves,FA
8,Waves,8.3,Superposition of Waves,8.3.1,State the principle of superposition of two waves,R
8,Waves,8.3,Superposition of Waves,8.3.2,Describe the phenomenon of interference of sound waves,U
8,Waves,8.3,Superposition of Waves,8.3.3,Calculate the phase difference between two waves,A
8,Waves,8.3,Superposition of Waves,8.3.4,Explain the formation of beats using diagrams,U
8,Waves,8.4,Stationary Waves,8.4.1,Define the terms nodes and antinodes,R
8,Waves,8.4,Stationary Waves,8.4.2,Describe the formation of stationary waves in a string and air column,U
8,Waves,8.4,Stationary Waves,8.4.3,Solve word problems related to stationary waves,A
8,Waves,8.5,Doppler's Effect,8.5.1,Describe Doppler's effect,U
8,Waves,8.5,Doppler's Effect,8.5.2,"Derive the relation between the original frequency of source of sound and the apparent frequency detected by the listener in following conditions: a. when the source is at rest and the listener is moving towards or away from the source, b. when the listener is at rest and the source is moving towards or away from the listener, c. when both source and listener are moving towards each other, d. when both source and listener are moving away from each other",A
8,Waves,8.5,Doppler's Effect,8.5.3,Solve word problems using the above relations mentioned in the SLO # 8.5.2,A
8,Waves,8.5,Doppler's Effect,8.5.4,Explain the application of Doppler's effect in electromagnetic waves,U
8,Waves,8.5,Doppler's Effect,8.5.5,"Apply Doppler's effect to understand the working of radar, sonar, satellites and red and blue shifts",A
8,Waves,8.6,Waves in Modern World,8.6.1,"Use of waves in modern world for: a. medical purposes, b. digital transmission, c. storage of information, d. monitoring earthquake and tsunami",FA
9,Physical Optics,9.1,Nature of Light,9.1.1,Discuss different points of view about nature of light,E
9,Physical Optics,9.1,Nature of Light,9.1.2,Discuss the concept of wave-front,E
9,Physical Optics,9.1,Nature of Light,9.1.3,Describe Huygen's principle,U
9,Physical Optics,9.2,Interference of Light,9.2.1,Define coherent and monochromatic sources of light,R
9,Physical Optics,9.2,Interference of Light,9.2.2,Define interference of light,R
9,Physical Optics,9.2,Interference of Light,9.2.3,State conditions necessary for the interference of light,R
9,Physical Optics,9.2,Interference of Light,9.2.4,Explain Young's double slit experiment,U
9,Physical Optics,9.2,Interference of Light,9.2.5,Derive relation for fringe spacing,A
9,Physical Optics,9.2,Interference of Light,9.2.6,Solve word problems related to the fringe spacing,A
9,Physical Optics,9.3,Michelson's Interferometer,9.3.1,Describe the construction and working of Michelson's interferometer,U
9,Physical Optics,9.3,Michelson's Interferometer,9.3.2,Describe qualitatively about gravitational waves,FA
9,Physical Optics,9.3,Michelson's Interferometer,9.3.3,State that a gravitational wave passes a body of mass creates a distortion in spacetime,FA
9,Physical Optics,9.3,Michelson's Interferometer,9.3.4,Describe the use of interferometers in detecting gravitational waves,U
9,Physical Optics,9.4,Diffraction of Light,9.4.1,Define diffraction of light,R
9,Physical Optics,9.4,Diffraction of Light,9.4.2,Describe diffraction of light by diffraction grating,U
9,Physical Optics,9.4,Diffraction of Light,9.4.3,Describe diffraction in a narrow slit,U
9,Physical Optics,9.4,Diffraction of Light,9.4.4,Solve word problems related to diffraction of light,A
9,Physical Optics,9.5,Bragg's Law,9.5.1,State Bragg's law,R
9,Physical Optics,9.5,Bragg's Law,9.5.2,Describe diffraction of X-rays through crystals,U
9,Physical Optics,9.5,Bragg's Law,9.5.3,Derive the equation $2d\sin\theta = m\lambda$,A
9,Physical Optics,9.5,Bragg's Law,9.5.4,Solve word problems related to the given equation,A
9,Physical Optics,9.6,Polarisation,9.6.1,Describe unpolarised and polarised light,U
9,Physical Optics,9.6,Polarisation,9.6.2,Explain polarisation with reference to transverse waves,U
9,Physical Optics,9.6,Polarisation,9.6.3,Explain polarisation by reflection,U
9,Physical Optics,9.6,Polarisation,9.6.4,Explain polarisation by a polaroid,U
9,Physical Optics,9.6,Polarisation,9.6.5,State Malus's law,R
9,Physical Optics,9.6,Polarisation,9.6.6,Solve word problems related to the Malus's law,A
9,Physical Optics,9.6,Polarisation,9.6.7,Describe the applications of polarisation in daily life,U
10,Thermodynamics,10.1,Heat and Temperature,10.1.1,Distinguish between heat and temperature,U
10,Thermodynamics,10.1,Heat and Temperature,10.1.2,Describe heat as a form of transit energy,U
10,Thermodynamics,10.1,Heat and Temperature,10.1.3,Identify that regions of equal temperature are in thermal equilibrium,U
10,Thermodynamics,10.1,Heat and Temperature,10.1.4,Investigate to provide evidence for the transfer of thermal energy between two bodies at different temperatures in a closed system,FA
10,Thermodynamics,10.2,Fundamentals of the Ideal Gas,10.2.1,State Boyle's law and Charles's law,R
10,Thermodynamics,10.2,Fundamentals of the Ideal Gas,10.2.2,Describe that a gas obeying $PV \propto T$ is an ideal gas,U
10,Thermodynamics,10.3,Kinetic Molecular Theory of Gases,10.3.1,State basic postulates of kinetic molecular theory of gases,R
10,Thermodynamics,10.3,Kinetic Molecular Theory of Gases,10.3.2,Derive relation $PV = \frac{1}{3}Nm\langle v^2 \rangle$,A
10,Thermodynamics,10.3,Kinetic Molecular Theory of Gases,10.3.3,Calculate the root-mean-square speed of an ideal gas,A
10,Thermodynamics,10.3,Kinetic Molecular Theory of Gases,10.3.4,Derive the formula for the average translational kinetic energy of a gas,A
10,Thermodynamics,10.3,Kinetic Molecular Theory of Gases,10.3.5,Solve word problems related to given average translational kinetic energy of a gas,A
10,Thermodynamics,10.4,Internal Energy and Work,10.4.1,Describe internal energy of an ideal gas as the sum of their kinetic energy of molecules only,U
10,Thermodynamics,10.4,Internal Energy and Work,10.4.2,Explain that internal energy is function of 'state' and is independent of paths,U
10,Thermodynamics,10.4,Internal Energy and Work,10.4.3,Explain work done in thermodynamics,U
10,Thermodynamics,10.4,Internal Energy and Work,10.4.4,Differentiate between the work done by a gas and the work done on a gas,U
10,Thermodynamics,10.5,First Law of Thermodynamics,10.5.1,Explain the first law of thermodynamics,U
10,Thermodynamics,10.5,First Law of Thermodynamics,10.5.2,"Apply the first law of thermodynamics in: a. isothermal, b. adiabatic, c. isobaric, d. isochoric processes",A
10,Thermodynamics,10.5,First Law of Thermodynamics,10.5.3,"Calculate the following on the basis of the first law of thermodynamics: a. change in internal energy, b. work done, c. change in heat",A
10,Thermodynamics,10.6,Molar Specific Heat of Gases,10.6.1,"Define the terms: a. specific heat, b. molar specific heat",R
10,Thermodynamics,10.6,Molar Specific Heat of Gases,10.6.2,Explain $C_p > C_v$,U
10,Thermodynamics,10.6,Molar Specific Heat of Gases,10.6.3,Show that $C_p - C_v = R$ by using first law of thermodynamics,A
10,Thermodynamics,10.7,Reversible and Irreversible Process,10.7.1,Describe the concept of reversible and irreversible processes,U
10,Thermodynamics,10.8,Second Law of Thermodynamics,10.8.1,Explain the second law of thermodynamics using schematic diagram,U
10,Thermodynamics,10.9,Carnot Engine,10.9.1,Describe heat engine with reference to the second law of thermodynamics,U
10,Thermodynamics,10.9,Carnot Engine,10.9.2,Explain the working principle of Carnot engine and its four processes with pressure-volume (PV) diagram,U
10,Thermodynamics,10.9,Carnot Engine,10.9.3,Derive the formula for efficiency of Carnot engine,A
10,Thermodynamics,10.9,Carnot Engine,10.9.4,Solve word problems related to efficiency of Carnot engine,A
10,Thermodynamics,10.9,Carnot Engine,10.9.5,Design an energy efficient device for daily life use,FA
10,Thermodynamics,10.10,Refrigerator,10.10.1,Describe refrigerator as a reverse of heat engine,U
10,Thermodynamics,10.10,Refrigerator,10.10.2,Derive expression for the coefficient of performance of a refrigerator,A
10,Thermodynamics,10.11,Entropy,10.11.1,Explain 'entropy',U
10,Thermodynamics,10.11,Entropy,10.11.2,Describe positive and negative entropy,U
10,Thermodynamics,10.11,Entropy,10.11.3,Explain that increase in entropy is the evidence of increase in temperature of a system,U
10,Thermodynamics,10.11,Entropy,10.11.4,Explain that energy is degraded during all natural processes,FA
10,Thermodynamics,10.11,Entropy,10.11.5,Explain environmental crisis as an entropy crisis,U
